Agent,Mission Type,Expected Damage,Maximum Damage
Superman,Reconnaissance,2000,5000
Superman,Patrol,3000,7500
Superman,Investigation,3500,9000
Superman,Extraction,8000,20000
Superman,Rescue,8000,20000
Superman,Containment,25000,60000
Superman,Evacuation,15000,40000
Superman,Disaster Response,50000,120000
Superman,Combat,250000,500000
Superman,Major Threat,400000,750000
Superman,Catastrophic Event,750000,1500000
Batman,Reconnaissance,1200,3000
Batman,Patrol,1800,4500
Batman,Investigation,2100,5400
Batman,Extraction,4800,12000
Batman,Rescue,4800,12000
Batman,Containment,15000,36000
Batman,Evacuation,9000,24000
Batman,Disaster Response,30000,72000
Batman,Combat,150000,300000
Batman,Major Threat,240000,450000
Batman,Catastrophic Event,450000,900000
Wonder Woman,Reconnaissance,2000,5000
Wonder Woman,Patrol,3000,7500
Wonder Woman,Investigation,3500,9000
Wonder Woman,Extraction,8000,20000
Wonder Woman,Rescue,8000,20000
Wonder Woman,Containment,25000,60000
Wonder Woman,Evacuation,15000,40000
Wonder Woman,Disaster Response,50000,120000
Wonder Woman,Combat,250000,500000
Wonder Woman,Major Threat,400000,750000
Wonder Woman,Catastrophic Event,750000,1500000
Flash,Reconnaissance,1400,3500
Flash,Patrol,2100,5200
Flash,Investigation,2400,6300
Flash,Extraction,5600,14000
Flash,Rescue,5600,14000
Flash,Containment,17500,42000
Flash,Evacuation,10500,28000
Flash,Disaster Response,35000,84000
Flash,Combat,175000,350000
Flash,Major Threat,280000,525000
Flash,Catastrophic Event,525000,1050000
Hulk,Reconnaissance,4000,10000
Hulk,Patrol,6000,15000
Hulk,Investigation,7000,18000
Hulk,Extraction,16000,40000
Hulk,Rescue,16000,40000
Hulk,Containment,50000,120000
Hulk,Evacuation,30000,80000
Hulk,Disaster Response,100000,240000
Hulk,Combat,500000,1000000
Hulk,Major Threat,800000,1500000
Hulk,Catastrophic Event,1500000,3000000
Black Canary,Reconnaissance,1400,3500
Black Canary,Patrol,2100,5200
Black Canary,Investigation,2400,6300
Black Canary,Extraction,5600,14000
Black Canary,Rescue,5600,14000
Black Canary,Containment,17500,42000
Black Canary,Evacuation,10500,28000
Black Canary,Disaster Response,35000,84000
Black Canary,Combat,175000,350000
Black Canary,Major Threat,280000,525000
Black Canary,Catastrophic Event,525000,1050000
Batgirl,Reconnaissance,1000,2500
Batgirl,Patrol,1500,3800
Batgirl,Investigation,1800,4500
Batgirl,Extraction,4000,10000
Batgirl,Rescue,4000,10000
Batgirl,Containment,12500,30000
Batgirl,Evacuation,7500,20000
Batgirl,Disaster Response,25000,60000
Batgirl,Combat,125000,250000
Batgirl,Major Threat,200000,375000
Batgirl,Catastrophic Event,375000,750000
Iron Man,Reconnaissance,1800,4500
Iron Man,Patrol,2700,6800
Iron Man,Investigation,3200,8100
Iron Man,Extraction,7200,18000
Iron Man,Rescue,7200,18000
Iron Man,Containment,22500,54000
Iron Man,Evacuation,13500,36000
Iron Man,Disaster Response,45000,108000
Iron Man,Combat,225000,450000
Iron Man,Major Threat,360000,675000
Iron Man,Catastrophic Event,675000,1350000
Thor,Reconnaissance,2800,7000
Thor,Patrol,4200,10500
Thor,Investigation,4900,12600
Thor,Extraction,11200,28000
Thor,Rescue,11200,28000
Thor,Containment,35000,84000
Thor,Evacuation,21000,56000
Thor,Disaster Response,70000,168000
Thor,Combat,350000,700000
Thor,Major Threat,560000,1050000
Thor,Catastrophic Event,1050000,2100000
Hawkeye,Reconnaissance,1000,2500
Hawkeye,Patrol,1500,3800
Hawkeye,Investigation,1800,4500
Hawkeye,Extraction,4000,10000
Hawkeye,Rescue,4000,10000
Hawkeye,Containment,12500,30000
Hawkeye,Evacuation,7500,20000
Hawkeye,Disaster Response,25000,60000
Hawkeye,Combat,125000,250000
Hawkeye,Major Threat,200000,375000
Hawkeye,Catastrophic Event,375000,750000
Black Widow,Reconnaissance,1000,2500
Black Widow,Patrol,1500,3800
Black Widow,Investigation,1800,4500
Black Widow,Extraction,4000,10000
Black Widow,Rescue,4000,10000
Black Widow,Containment,12500,30000
Black Widow,Evacuation,7500,20000
Black Widow,Disaster Response,25000,60000
Black Widow,Combat,125000,250000
Black Widow,Major Threat,200000,375000
Black Widow,Catastrophic Event,375000,750000
Captain America,Reconnaissance,1200,3000
Captain America,Patrol,1800,4500
Captain America,Investigation,2100,5400
Captain America,Extraction,4800,12000
Captain America,Rescue,4800,12000
Captain America,Containment,15000,36000
Captain America,Evacuation,9000,24000
Captain America,Disaster Response,30000,72000
Captain America,Combat,150000,300000
Captain America,Major Threat,240000,450000
Captain America,Catastrophic Event,450000,900000
Nick Fury,Reconnaissance,800,2000
Nick Fury,Patrol,1200,3000
Nick Fury,Investigation,1400,3600
Nick Fury,Extraction,3200,8000
Nick Fury,Rescue,3200,8000
Nick Fury,Containment,10000,24000
Nick Fury,Evacuation,6000,16000
Nick Fury,Disaster Response,20000,48000
Nick Fury,Combat,100000,200000
Nick Fury,Major Threat,160000,300000
Nick Fury,Catastrophic Event,300000,600000
Maria Hill,Reconnaissance,800,2000
Maria Hill,Patrol,1200,3000
Maria Hill,Investigation,1400,3600
Maria Hill,Extraction,3200,8000
Maria Hill,Rescue,3200,8000
Maria Hill,Containment,10000,24000
Maria Hill,Evacuation,6000,16000
Maria Hill,Disaster Response,20000,48000
Maria Hill,Combat,100000,200000
Maria Hill,Major Threat,160000,300000
Maria Hill,Catastrophic Event,300000,600000
Anakin Skywalker,Reconnaissance,1600,4000
Anakin Skywalker,Patrol,2400,6000
Anakin Skywalker,Investigation,2800,7200
Anakin Skywalker,Extraction,6400,16000
Anakin Skywalker,Rescue,6400,16000
Anakin Skywalker,Containment,20000,48000
Anakin Skywalker,Evacuation,12000,32000
Anakin Skywalker,Disaster Response,40000,96000
Anakin Skywalker,Combat,200000,400000
Anakin Skywalker,Major Threat,320000,600000
Anakin Skywalker,Catastrophic Event,600000,1200000
R2-D2,Reconnaissance,300,800
R2-D2,Patrol,400,1100
R2-D2,Investigation,500,1400
R2-D2,Extraction,1200,3000
R2-D2,Rescue,1200,3000
R2-D2,Containment,3800,9000
R2-D2,Evacuation,2200,6000
R2-D2,Disaster Response,7500,18000
R2-D2,Combat,37500,75000
R2-D2,Major Threat,60000,112500
R2-D2,Catastrophic Event,112500,225000
Han Solo,Reconnaissance,1000,2500
Han Solo,Patrol,1500,3800
Han Solo,Investigation,1800,4500
Han Solo,Extraction,4000,10000
Han Solo,Rescue,4000,10000
Han Solo,Containment,12500,30000
Han Solo,Evacuation,7500,20000
Han Solo,Disaster Response,25000,60000
Han Solo,Combat,125000,250000
Han Solo,Major Threat,200000,375000
Han Solo,Catastrophic Event,375000,750000
Leia Organa,Reconnaissance,700,1800
Leia Organa,Patrol,1000,2600
Leia Organa,Investigation,1200,3200
Leia Organa,Extraction,2800,7000
Leia Organa,Rescue,2800,7000
Leia Organa,Containment,8800,21000
Leia Organa,Evacuation,5200,14000
Leia Organa,Disaster Response,17500,42000
Leia Organa,Combat,87500,175000
Leia Organa,Major Threat,140000,262500
Leia Organa,Catastrophic Event,262500,525000
Chewbacca,Reconnaissance,1800,4500
Chewbacca,Patrol,2700,6800
Chewbacca,Investigation,3200,8100
Chewbacca,Extraction,7200,18000
Chewbacca,Rescue,7200,18000
Chewbacca,Containment,22500,54000
Chewbacca,Evacuation,13500,36000
Chewbacca,Disaster Response,45000,108000
Chewbacca,Combat,225000,450000
Chewbacca,Major Threat,360000,675000
Chewbacca,Catastrophic Event,675000,1350000
Palpatine,Reconnaissance,1600,4000
Palpatine,Patrol,2400,6000
Palpatine,Investigation,2800,7200
Palpatine,Extraction,6400,16000
Palpatine,Rescue,6400,16000
Palpatine,Containment,20000,48000
Palpatine,Evacuation,12000,32000
Palpatine,Disaster Response,40000,96000
Palpatine,Combat,200000,400000
Palpatine,Major Threat,320000,600000
Palpatine,Catastrophic Event,600000,1200000
Goku,Reconnaissance,3600,9000
Goku,Patrol,5400,13500
Goku,Investigation,6300,16200
Goku,Extraction,14400,36000
Goku,Rescue,14400,36000
Goku,Containment,45000,108000
Goku,Evacuation,27000,72000
Goku,Disaster Response,90000,216000
Goku,Combat,450000,900000
Goku,Major Threat,720000,1350000
Goku,Catastrophic Event,1350000,2700000
Gohan,Reconnaissance,3000,7500
Gohan,Patrol,4500,11200
Gohan,Investigation,5200,13500
Gohan,Extraction,12000,30000
Gohan,Rescue,12000,30000
Gohan,Containment,37500,90000
Gohan,Evacuation,22500,60000
Gohan,Disaster Response,75000,180000
Gohan,Combat,375000,750000
Gohan,Major Threat,600000,1125000
Gohan,Catastrophic Event,1125000,2250000
Videl,Reconnaissance,1000,2500
Videl,Patrol,1500,3800
Videl,Investigation,1800,4500
Videl,Extraction,4000,10000
Videl,Rescue,4000,10000
Videl,Containment,12500,30000
Videl,Evacuation,7500,20000
Videl,Disaster Response,25000,60000
Videl,Combat,125000,250000
Videl,Major Threat,200000,375000
Videl,Catastrophic Event,375000,750000
Bulma,Reconnaissance,500,1200
Bulma,Patrol,800,1900
Bulma,Investigation,900,2200
Bulma,Extraction,2000,5000
Bulma,Rescue,2000,5000
Bulma,Containment,6200,15000
Bulma,Evacuation,3800,10000
Bulma,Disaster Response,12500,30000
Bulma,Combat,62500,125000
Bulma,Major Threat,100000,187500
Bulma,Catastrophic Event,187500,375000
Ahsoka Tano,Reconnaissance,1200,3000
Ahsoka Tano,Patrol,1800,4500
Ahsoka Tano,Investigation,2100,5400
Ahsoka Tano,Extraction,4800,12000
Ahsoka Tano,Rescue,4800,12000
Ahsoka Tano,Containment,15000,36000
Ahsoka Tano,Evacuation,9000,24000
Ahsoka Tano,Disaster Response,30000,72000
Ahsoka Tano,Combat,150000,300000
Ahsoka Tano,Major Threat,240000,450000
Ahsoka Tano,Catastrophic Event,450000,900000
Lando Calrissian,Reconnaissance,900,2200
Lando Calrissian,Patrol,1400,3400
Lando Calrissian,Investigation,1600,4000
Lando Calrissian,Extraction,3600,9000
Lando Calrissian,Rescue,3600,9000
Lando Calrissian,Containment,11200,27000
Lando Calrissian,Evacuation,6800,18000
Lando Calrissian,Disaster Response,22500,54000
Lando Calrissian,Combat,112500,225000
Lando Calrissian,Major Threat,180000,337500
Lando Calrissian,Catastrophic Event,337500,675000
Cyborg,Reconnaissance,1600,4000
Cyborg,Patrol,2400,6000
Cyborg,Investigation,2800,7200
Cyborg,Extraction,6400,16000
Cyborg,Rescue,6400,16000
Cyborg,Containment,20000,48000
Cyborg,Evacuation,12000,32000
Cyborg,Disaster Response,40000,96000
Cyborg,Combat,200000,400000
Cyborg,Major Threat,320000,600000
Cyborg,Catastrophic Event,600000,1200000
Martian Manhunter,Reconnaissance,1800,4500
Martian Manhunter,Patrol,2700,6800
Martian Manhunter,Investigation,3200,8100
Martian Manhunter,Extraction,7200,18000
Martian Manhunter,Rescue,7200,18000
Martian Manhunter,Containment,22500,54000
Martian Manhunter,Evacuation,13500,36000
Martian Manhunter,Disaster Response,45000,108000
Martian Manhunter,Combat,225000,450000
Martian Manhunter,Major Threat,360000,675000
Martian Manhunter,Catastrophic Event,675000,1350000
C-3PO,Reconnaissance,200,500
C-3PO,Patrol,300,800
C-3PO,Investigation,400,900
C-3PO,Extraction,800,2000
C-3PO,Rescue,800,2000
C-3PO,Containment,2500,6000
C-3PO,Evacuation,1500,4000
C-3PO,Disaster Response,5000,12000
C-3PO,Combat,25000,50000
C-3PO,Major Threat,40000,75000
C-3PO,Catastrophic Event,75000,150000
Darth Maul,Reconnaissance,1800,4500
Darth Maul,Patrol,2700,6800
Darth Maul,Investigation,3200,8100
Darth Maul,Extraction,7200,18000
Darth Maul,Rescue,7200,18000
Darth Maul,Containment,22500,54000
Darth Maul,Evacuation,13500,36000
Darth Maul,Disaster Response,45000,108000
Darth Maul,Combat,225000,450000
Darth Maul,Major Threat,360000,675000
Darth Maul,Catastrophic Event,675000,1350000
