MissionID,Agent
1,Palpatine
1,Anakin Skywalker
1,R2-D2
1,Black Widow
2,Nick Fury
2,Superman
2,Hawkeye
2,Batgirl
3,Maria Hill
3,Hulk
3,Black Canary
3,Videl
4,Batman
4,Goku
4,Chewbacca
4,Han Solo
5,Leia Organa
5,Thor
5,Iron Man
5,Wonder Woman
6,Bulma
6,Gohan
6,Flash
6,Captain America
7,Martian Manhunter
7,Cyborg
7,Ahsoka Tano
7,Obi-Wan Kenobi
8,Palpatine
8,Anakin Skywalker
8,R2-D2
8,Black Widow
8,Nick Fury
8,Superman
8,Hawkeye
8,Batgirl
9,Nick Fury
9,Superman
9,Hawkeye
9,Batgirl
10,Maria Hill
10,Hulk
10,Black Canary
10,Videl
10,Batman
10,Goku
10,Chewbacca
10,Han Solo
11,Batman
11,Goku
11,Chewbacca
11,Han Solo
11,Leia Organa
11,Thor
11,Iron Man
11,Wonder Woman
11,Bulma
11,Gohan
11,Flash
11,Captain America
12,Leia Organa
12,Thor
12,Iron Man
12,Wonder Woman
13,Bulma
13,Gohan
13,Flash
13,Captain America
14,Martian Manhunter
14,Cyborg
14,Ahsoka Tano
14,Obi-Wan Kenobi
15,Palpatine
15,Anakin Skywalker
15,R2-D2
15,Black Widow
16,Nick Fury
16,Superman
16,Hawkeye
16,Batgirl
17,Maria Hill
17,Hulk
17,Black Canary
17,Videl
18,Batman
18,Goku
18,Chewbacca
18,Han Solo
18,Leia Organa
18,Thor
18,Iron Man
18,Wonder Woman
19,Leia Organa
19,Thor
19,Iron Man
19,Wonder Woman
19,Bulma
19,Gohan
19,Flash
19,Captain America
20,Bulma
20,Gohan
20,Flash
20,Captain America
21,Martian Manhunter
21,Cyborg
21,Ahsoka Tano
21,Obi-Wan Kenobi
21,Palpatine
21,Anakin Skywalker
21,R2-D2
21,Black Widow
22,Palpatine
22,Anakin Skywalker
22,R2-D2
22,Black Widow
22,Nick Fury
22,Superman
22,Hawkeye
22,Batgirl
22,Maria Hill
22,Hulk
22,Black Canary
22,Videl
23,Nick Fury
23,Superman
23,Hawkeye
23,Batgirl
24,Maria Hill
24,Hulk
24,Black Canary
24,Videl
25,Batman
25,Goku
25,Chewbacca
25,Han Solo
26,Leia Organa
26,Thor
26,Iron Man
26,Wonder Woman
27,Bulma
27,Gohan
27,Flash
27,Captain America
27,Martian Manhunter
27,Cyborg
27,Ahsoka Tano
27,Obi-Wan Kenobi
28,Martian Manhunter
28,Cyborg
28,Ahsoka Tano
28,Obi-Wan Kenobi
28,Palpatine
28,Anakin Skywalker
28,R2-D2
28,Black Widow
29,Palpatine
29,Anakin Skywalker
29,R2-D2
29,Black Widow
29,Nick Fury
29,Superman
29,Hawkeye
29,Batgirl
30,Nick Fury
30,Superman
30,Hawkeye
30,Batgirl
30,Maria Hill
30,Hulk
30,Black Canary
30,Videl
30,Batman
30,Goku
30,Chewbacca
30,Han Solo
