VehicleID,MissionID,Team,Owner,VehicleName
1,1,Alpha,Anakin Skywalker,Interceptor
2,2,Bravo,Nick Fury,Quinjet
3,3,Charlie,Maria Hill,Tactical Carrier
4,4,Delta,Batman,Batmobile
5,5,Echo,Iron Man,Stark VTOL
6,6,Foxtrot,Bulma,Capsule Transport
7,7,Gamma,Cyborg,Boom Tube Transport
8,8,Alpha,Anakin Skywalker,Interceptor
9,8,Bravo,Nick Fury,Quinjet
10,9,Bravo,Nick Fury,Quinjet
11,10,Charlie,Maria Hill,Tactical Carrier
12,10,Delta,Batman,Batmobile
13,11,Delta,Batman,Batmobile
14,11,Echo,Iron Man,Stark VTOL
15,11,Foxtrot,Bulma,Capsule Transport
16,12,Echo,Iron Man,Stark VTOL
17,13,Foxtrot,Bulma,Capsule Transport
18,14,Gamma,Cyborg,Boom Tube Transport
19,15,Alpha,Anakin Skywalker,Interceptor
20,16,Bravo,Nick Fury,Quinjet
21,17,Charlie,Maria Hill,Tactical Carrier
22,18,Delta,Batman,Batmobile
23,18,Echo,Iron Man,Stark VTOL
24,19,Echo,Iron Man,Stark VTOL
25,19,Foxtrot,Bulma,Capsule Transport
26,20,Foxtrot,Bulma,Capsule Transport
27,21,Gamma,Cyborg,Boom Tube Transport
28,21,Alpha,Anakin Skywalker,Interceptor
29,22,Alpha,Anakin Skywalker,Interceptor
30,22,Bravo,Nick Fury,Quinjet
31,22,Charlie,Maria Hill,Tactical Carrier
32,23,Bravo,Nick Fury,Quinjet
33,24,Charlie,Maria Hill,Tactical Carrier
34,25,Delta,Batman,Batmobile
35,26,Echo,Iron Man,Stark VTOL
36,27,Foxtrot,Bulma,Capsule Transport
37,27,Gamma,Cyborg,Boom Tube Transport
38,28,Gamma,Cyborg,Boom Tube Transport
39,28,Alpha,Anakin Skywalker,Interceptor
40,29,Alpha,Anakin Skywalker,Interceptor
41,29,Bravo,Nick Fury,Quinjet
42,30,Bravo,Nick Fury,Quinjet
43,30,Charlie,Maria Hill,Tactical Carrier
44,30,Delta,Batman,Batmobile
